{
  "properties": {
    "connectionReferences": {
      "shared_office365groups": {
        "runtimeSource": "invoker",
        "connection": {
          "connectionReferenceLogicalName": "rc_sharedoffice365groups_bd8d1"
        },
        "api": {
          "name": "shared_office365groups"
        }
      },
      "shared_powerplatformforadmins": {
        "runtimeSource": "invoker",
        "connection": {
          "connectionReferenceLogicalName": "rc_sharedpowerplatformforadmins_33db5"
        },
        "api": {
          "name": "shared_powerplatformforadmins"
        }
      },
      "shared_webcontents": {
        "runtimeSource": "invoker",
        "connection": {
          "connectionReferenceLogicalName": "rc_sharedwebcontents_b699b"
        },
        "api": {
          "name": "shared_webcontents"
        }
      },
      "shared_commondataserviceforapps": {
        "impersonation": {},
        "runtimeSource": "embedded",
        "connection": {
          "connectionReferenceLogicalName": "rc_sharedcommondataserviceforapps_12c25"
        },
        "api": {
          "name": "shared_commondataserviceforapps"
        }
      }
    },
    "definition": {
      "$schema": "https://schema.management.azure.com/providers/Microsoft.Logic/schemas/2016-06-01/workflowdefinition.json#",
      "contentVersion": "1.0.0.0",
      "parameters": {
        "$connections": {
          "defaultValue": {},
          "type": "Object"
        },
        "$authentication": {
          "defaultValue": {},
          "type": "SecureObject"
        }
      },
      "triggers": {
        "manual": {
          "metadata": {
            "operationMetadataId": "1485f399-f6dc-4a15-81c5-53d5530c6bd5"
          },
          "type": "Request",
          "kind": "Button",
          "inputs": {
            "schema": {
              "type": "object",
              "properties": {
                "text": {
                  "title": "GroupId",
                  "type": "string",
                  "x-ms-dynamically-added": true,
                  "description": "Please enter your input",
                  "x-ms-content-hint": "TEXT"
                },
                "text_1": {
                  "title": "GroupName",
                  "type": "string",
                  "x-ms-dynamically-added": true,
                  "description": "Please enter your input",
                  "x-ms-content-hint": "TEXT"
                }
              },
              "required": [
                "text",
                "text_1"
              ]
            }
          }
        }
      },
      "actions": {
        "List_group_members": {
          "runAfter": {},
          "metadata": {
            "operationMetadataId": "11bc28f1-1242-4be2-a93f-b8849c35bbed"
          },
          "type": "OpenApiConnection",
          "inputs": {
            "host": {
              "apiId": "/providers/Microsoft.PowerApps/apis/shared_office365groups",
              "connectionName": "shared_office365groups",
              "operationId": "ListGroupMembers"
            },
            "parameters": {
              "groupId": "@triggerBody()['text']"
            },
            "authentication": {
              "value": "@json(decodeBase64(triggerOutputs().headers['X-MS-APIM-Tokens']))['$ConnectionKey']",
              "type": "Raw"
            }
          }
        },
        "Apply_to_each": {
          "foreach": "@outputs('List_group_members')?['body/value']",
          "actions": {
            "Force_Sync_user": {
              "runAfter": {},
              "metadata": {
                "operationMetadataId": "0c8885ab-02e6-440f-ae8a-96c9f02e987c"
              },
              "type": "OpenApiConnection",
              "inputs": {
                "host": {
                  "apiId": "/providers/Microsoft.PowerApps/apis/shared_powerplatformforadmins",
                  "connectionName": "shared_powerplatformforadmins",
                  "operationId": "Add-AdminPowerAppsSyncUser"
                },
                "parameters": {
                  "environment": "@workflow()['tags']['environmentName']",
                  "body/ObjectId": "@items('Apply_to_each')?['id']",
                  "api-version": "2019-05-01"
                },
                "authentication": {
                  "value": "@json(decodeBase64(triggerOutputs().headers['X-MS-APIM-Tokens']))['$ConnectionKey']",
                  "type": "Raw"
                }
              }
            },
            "Invoke_an_HTTP_request": {
              "runAfter": {
                "Relate_User_with_Team": [
                  "Succeeded"
                ]
              },
              "metadata": {
                "operationMetadataId": "a7674ab4-0ca1-4efd-a9cb-88731915a4d7"
              },
              "type": "OpenApiConnection",
              "inputs": {
                "host": {
                  "apiId": "/providers/Microsoft.PowerApps/apis/shared_webcontents",
                  "connectionName": "shared_webcontents",
                  "operationId": "InvokeHttp"
                },
                "parameters": {
                  "request/method": "GET",
                  "request/url": "/api/data/v9.2/systemusers?$select=fullname&$top=3",
                  "request/headers": {
                    "CallerObjectId": "@items('Apply_to_each')?['id']",
                    "Accept": "application/json",
                    "Content-Type": "application/json; charset=utf-8",
                    "OData-MaxVersion": "4.0",
                    "OData-Version": "4.0"
                  }
                },
                "authentication": {
                  "value": "@json(decodeBase64(triggerOutputs().headers['X-MS-APIM-Tokens']))['$ConnectionKey']",
                  "type": "Raw"
                }
              }
            },
            "Get_User_Dataverse_ID": {
              "runAfter": {
                "Force_Sync_user": [
                  "Succeeded"
                ]
              },
              "metadata": {
                "operationMetadataId": "9e613a52-5187-4ae1-b508-3ca3fef5dd88"
              },
              "type": "OpenApiConnection",
              "inputs": {
                "host": {
                  "apiId": "/providers/Microsoft.PowerApps/apis/shared_commondataserviceforapps",
                  "connectionName": "shared_commondataserviceforapps",
                  "operationId": "ListRecords"
                },
                "parameters": {
                  "entityName": "systemusers",
                  "$filter": "internalemailaddress eq '@{items('Apply_to_each')?['mail']}'"
                },
                "authentication": "@parameters('$authentication')"
              }
            },
            "Relate_User_with_Team": {
              "runAfter": {
                "Get_User_Dataverse_ID": [
                  "Succeeded"
                ]
              },
              "metadata": {
                "operationMetadataId": "35fe6040-9854-40d0-ae08-07c0c0c58314"
              },
              "type": "OpenApiConnection",
              "inputs": {
                "host": {
                  "apiId": "/providers/Microsoft.PowerApps/apis/shared_commondataserviceforapps",
                  "connectionName": "shared_commondataserviceforapps",
                  "operationId": "AssociateEntities"
                },
                "parameters": {
                  "entityName": "systemusers",
                  "recordId": "@first(outputs('Get_User_Dataverse_ID')?['body/value'])?['systemuserid']",
                  "associationEntityRelationship": "teammembership_association",
                  "item/@odata.id": "@first(outputs('Get_Team_Dataverse_ID')?['body/value'])?['@odata.id']"
                },
                "authentication": "@parameters('$authentication')"
              }
            }
          },
          "runAfter": {
            "Get_Team_Dataverse_ID": [
              "Succeeded"
            ]
          },
          "metadata": {
            "operationMetadataId": "d4d256de-f86a-4d94-8a22-5c7621321d3a"
          },
          "type": "Foreach"
        },
        "Get_Team_Dataverse_ID": {
          "runAfter": {
            "List_group_members": [
              "Succeeded"
            ]
          },
          "metadata": {
            "operationMetadataId": "04d706ff-f36a-4c03-9275-c7ccac5a39c3"
          },
          "type": "OpenApiConnection",
          "inputs": {
            "host": {
              "apiId": "/providers/Microsoft.PowerApps/apis/shared_commondataserviceforapps",
              "connectionName": "shared_commondataserviceforapps",
              "operationId": "ListRecords"
            },
            "parameters": {
              "entityName": "teams",
              "$filter": "name eq '@{triggerBody()['text_1']}'"
            },
            "authentication": "@parameters('$authentication')"
          }
        }
      }
    },
    "templateName": null
  },
  "schemaVersion": "1.0.0.0"
}